insert into Landlord (idLandlord, nameLandlord, phoneNumber, yearsEmployed) values (1, 'Nikolos Mapother', '643-174-5531', 1);
insert into Landlord (idLandlord, nameLandlord, phoneNumber, yearsEmployed) values (2, 'Livvyy Ghidelli', '465-912-8431', 4);
insert into Landlord (idLandlord, nameLandlord, phoneNumber, yearsEmployed) values (3, 'Yolane Delf', '562-162-1813', 2);
insert into Landlord (idLandlord, nameLandlord, phoneNumber, yearsEmployed) values (4, 'Wenona Gellier', '681-517-5677', 1);
insert into Landlord (idLandlord, nameLandlord, phoneNumber, yearsEmployed) values (5, 'Karine Lincoln', '763-140-3056', 4);
insert into Landlord (idLandlord, nameLandlord, phoneNumber, yearsEmployed) values (6, 'Kaitlin Ricciardi', '711-783-6403', 7);
insert into Landlord (idLandlord, nameLandlord, phoneNumber, yearsEmployed) values (7, 'Antonina Morl', '234-700-5913', 4);
insert into Landlord (idLandlord, nameLandlord, phoneNumber, yearsEmployed) values (8, 'Twyla Hansley', '769-788-4086', 4);
insert into Landlord (idLandlord, nameLandlord, phoneNumber, yearsEmployed) values (9, 'Silva Ingley', '988-540-0090', 5);
insert into Landlord (idLandlord, nameLandlord, phoneNumber, yearsEmployed) values (10, 'Marsiella Mincher', '985-573-4361', 1);
insert into Landlord (idLandlord, nameLandlord, phoneNumber, yearsEmployed) values (11, 'Anallise Legier', '897-499-7703', 3);
insert into Landlord (idLandlord, nameLandlord, phoneNumber, yearsEmployed) values (12, 'Kaiser Litster', '329-125-9783', 9);
insert into Landlord (idLandlord, nameLandlord, phoneNumber, yearsEmployed) values (13, 'Benji Peacham', '656-165-9278', 2);
insert into Landlord (idLandlord, nameLandlord, phoneNumber, yearsEmployed) values (14, 'Marcos Copnell', '294-140-1612', 7);
insert into Landlord (idLandlord, nameLandlord, phoneNumber, yearsEmployed) values (15, 'Jonell Pyvis', '891-900-0342', 5);
insert into Landlord (idLandlord, nameLandlord, phoneNumber, yearsEmployed) values (16, 'Ysabel Gersam', '987-607-3095', 6);
insert into Landlord (idLandlord, nameLandlord, phoneNumber, yearsEmployed) values (17, 'Cacilia Pirri', '593-234-3138', 3);
insert into Landlord (idLandlord, nameLandlord, phoneNumber, yearsEmployed) values (18, 'Morris Lillford', '239-314-6198', 5);
insert into Landlord (idLandlord, nameLandlord, phoneNumber, yearsEmployed) values (19, 'Annabal North', '176-342-9154', 2);
insert into Landlord (idLandlord, nameLandlord, phoneNumber, yearsEmployed) values (20, 'Bird Bazell', '827-464-5478', 3);
insert into Landlord (idLandlord, nameLandlord, phoneNumber, yearsEmployed) values (21, 'Dolorita MacCard', '559-766-5511', 10);
insert into Landlord (idLandlord, nameLandlord, phoneNumber, yearsEmployed) values (22, 'Erich Piffe', '574-143-2811', 8);
insert into Landlord (idLandlord, nameLandlord, phoneNumber, yearsEmployed) values (23, 'Edwin Boyd', '904-303-6835', 2);
insert into Landlord (idLandlord, nameLandlord, phoneNumber, yearsEmployed) values (24, 'Garik Whiteson', '109-179-3656', 6);
insert into Landlord (idLandlord, nameLandlord, phoneNumber, yearsEmployed) values (25, 'Winna Duckerin', '667-546-5050', 9);
insert into Landlord (idLandlord, nameLandlord, phoneNumber, yearsEmployed) values (26, 'Lind Pogson', '283-631-2343', 1);
insert into Landlord (idLandlord, nameLandlord, phoneNumber, yearsEmployed) values (27, 'Mitchel Marguerite', '521-753-4370', 10);
insert into Landlord (idLandlord, nameLandlord, phoneNumber, yearsEmployed) values (28, 'Herrick Flaxman', '682-963-3578', 10);
insert into Landlord (idLandlord, nameLandlord, phoneNumber, yearsEmployed) values (29, 'Joellyn Caizley', '219-485-9011', 7);
insert into Landlord (idLandlord, nameLandlord, phoneNumber, yearsEmployed) values (30, 'Ainslee Urch', '855-628-1796', 8);
insert into Landlord (idLandlord, nameLandlord, phoneNumber, yearsEmployed) values (31, 'Delores McQuilkin', '438-102-1256', 7);
insert into Landlord (idLandlord, nameLandlord, phoneNumber, yearsEmployed) values (32, 'Drucie Rollett', '948-540-1361', 9);
insert into Landlord (idLandlord, nameLandlord, phoneNumber, yearsEmployed) values (33, 'Suzann Paull', '537-574-0839', 1);
insert into Landlord (idLandlord, nameLandlord, phoneNumber, yearsEmployed) values (34, 'Bondon Pelzer', '779-833-1962', 5);
insert into Landlord (idLandlord, nameLandlord, phoneNumber, yearsEmployed) values (35, 'Vivianne Kevern', '384-877-8910', 7);
insert into Landlord (idLandlord, nameLandlord, phoneNumber, yearsEmployed) values (36, 'Jessy Skace', '814-115-7830', 8);
insert into Landlord (idLandlord, nameLandlord, phoneNumber, yearsEmployed) values (37, 'Serena Pemble', '648-556-2171', 4);
insert into Landlord (idLandlord, nameLandlord, phoneNumber, yearsEmployed) values (38, 'Morton Szimon', '205-947-8086', 7);
insert into Landlord (idLandlord, nameLandlord, phoneNumber, yearsEmployed) values (39, 'Bord Coytes', '514-561-1882', 5);
insert into Landlord (idLandlord, nameLandlord, phoneNumber, yearsEmployed) values (40, 'Molli Baughen', '554-152-2596', 3);
insert into Landlord (idLandlord, nameLandlord, phoneNumber, yearsEmployed) values (41, 'Catlaina Geist', '221-787-7785', 5);
insert into Landlord (idLandlord, nameLandlord, phoneNumber, yearsEmployed) values (42, 'Michele Anstis', '944-524-7486', 8);
insert into Landlord (idLandlord, nameLandlord, phoneNumber, yearsEmployed) values (43, 'Bab Haldon', '768-476-3657', 7);
insert into Landlord (idLandlord, nameLandlord, phoneNumber, yearsEmployed) values (44, 'Ki Maclaine', '360-382-4712', 5);
insert into Landlord (idLandlord, nameLandlord, phoneNumber, yearsEmployed) values (45, 'Tamas Pocklington', '331-601-4905', 5);
insert into Landlord (idLandlord, nameLandlord, phoneNumber, yearsEmployed) values (46, 'Darryl Dilleway', '538-625-7236', 2);
insert into Landlord (idLandlord, nameLandlord, phoneNumber, yearsEmployed) values (47, 'Dara Mennear', '259-298-9276', 7);
insert into Landlord (idLandlord, nameLandlord, phoneNumber, yearsEmployed) values (48, 'Nilson Windous', '822-949-4446', 1);
insert into Landlord (idLandlord, nameLandlord, phoneNumber, yearsEmployed) values (49, 'Sancho Dighton', '547-832-2513', 3);
insert into Landlord (idLandlord, nameLandlord, phoneNumber, yearsEmployed) values (50, 'Percival Lambden', '818-334-6781', 7);

insert into Property (idProperty, address, type, idLandlord) values (1, '91 Texas Parkway','Apartment', 1);
insert into Property (idProperty, address, type, idLandlord) values (2, '2557 Ridge Oak Street','House', 11);
insert into Property (idProperty, address, type, idLandlord) values (3, '50699 Lawn Court','Townhouse', 9);
insert into Property (idProperty, address, type, idLandlord) values (4, '54 Redwing Center','Apartment', 49);
insert into Property (idProperty, address, type, idLandlord) values (5, '734 Nova Park','House', 5);
insert into Property (idProperty, address, type, idLandlord) values (6, '864 Tennessee Park','Apartment', 5);
insert into Property (idProperty, address, type, idLandlord) values (7, '702 Dorton Place','Apartment', 24);
insert into Property (idProperty, address, type, idLandlord) values (8, '4 Scott Terrace','Apartment', 37);
insert into Property (idProperty, address, type, idLandlord) values (9, '423 Pond Alley','Apartment', 30);
insert into Property (idProperty, address, type, idLandlord) values (10, '02320 Farmco Terrace','Apartment', 2);
insert into Property (idProperty, address, type, idLandlord) values (11, '80873 Mockingbird Pass','House', 32);
insert into Property (idProperty, address, type, idLandlord) values (12, '595 Messerschmidt Terrace','Apartment', 11);
insert into Property (idProperty, address, type, idLandlord) values (13, '931 Chive Hill','Townhouse', 7);
insert into Property (idProperty, address, type, idLandlord) values (14, '581 Sycamore Avenue','Townhouse', 17);
insert into Property (idProperty, address, type, idLandlord) values (15, '937 Garrison Avenue','Townhouse', 40);
insert into Property (idProperty, address, type, idLandlord) values (16, '24383 Lerdahl Center','Townhouse', 27);
insert into Property (idProperty, address, type, idLandlord) values (17, '24 Victoria Plaza','House', 43);
insert into Property (idProperty, address, type, idLandlord) values (18, '32 Washington Road','Apartment', 10);
insert into Property (idProperty, address, type, idLandlord) values (19, '722 Sutteridge Park','House', 21);
insert into Property (idProperty, address, type, idLandlord) values (20, '17 Basil Point','Apartment', 1);
insert into Property (idProperty, address, type, idLandlord) values (21, '2720 Lawn Place','Apartment', 6);
insert into Property (idProperty, address, type, idLandlord) values (22, '9309 Main Lane','House', 49);
insert into Property (idProperty, address, type, idLandlord) values (23, '745 Kedzie Street','House', 49);
insert into Property (idProperty, address, type, idLandlord) values (24, '3987 Northland Avenue','Townhouse', 7);
insert into Property (idProperty, address, type, idLandlord) values (25, '98912 Sutherland Center','House', 3);
insert into Property (idProperty, address, type, idLandlord) values (26, '15560 Mitchell Hill','House', 31);
insert into Property (idProperty, address, type, idLandlord) values (27, '8372 Blackbird Place','Apartment', 35);
insert into Property (idProperty, address, type, idLandlord) values (28, '79 Graceland Crossing','Townhouse', 23);
insert into Property (idProperty, address, type, idLandlord) values (29, '5 Warrior Center','House', 41);
insert into Property (idProperty, address, type, idLandlord) values (30, '709 Green Pass','Apartment', 28);
insert into Property (idProperty, address, type, idLandlord) values (31, '4639 Maryland Court','Townhouse', 25);
insert into Property (idProperty, address, type, idLandlord) values (32, '982 Golf View Pass','Townhouse', 25);
insert into Property (idProperty, address, type, idLandlord) values (33, '9 2nd Crossing','Apartment', 1);
insert into Property (idProperty, address, type, idLandlord) values (34, '4020 Dunning Center','Townhouse', 15);
insert into Property (idProperty, address, type, idLandlord) values (35, '0507 Monterey Plaza','Townhouse', 1);
insert into Property (idProperty, address, type, idLandlord) values (36, '91326 Debra Trail','Apartment', 2);
insert into Property (idProperty, address, type, idLandlord) values (37, '17 Del Sol Drive','House', 39);
insert into Property (idProperty, address, type, idLandlord) values (38, '024 2nd Point','Townhouse', 37);
insert into Property (idProperty, address, type, idLandlord) values (39, '8422 Sauthoff Avenue','Apartment', 26);
insert into Property (idProperty, address, type, idLandlord) values (40, '9 Fairview Parkway','Apartment', 23);
insert into Property (idProperty, address, type, idLandlord) values (41, '2563 Merchant Road','Townhouse', 2);
insert into Property (idProperty, address, type, idLandlord) values (42, '00 Westridge Drive','Townhouse', 44);
insert into Property (idProperty, address, type, idLandlord) values (43, '60 Longview Junction','House', 45);
insert into Property (idProperty, address, type, idLandlord) values (44, '443 Hovde Terrace','Apartment', 1);
insert into Property (idProperty, address, type, idLandlord) values (45, '00183 Declaration Court','Apartment', 5);
insert into Property (idProperty, address, type, idLandlord) values (46, '2 Brickson Park Point','Apartment', 34);
insert into Property (idProperty, address, type, idLandlord) values (47, '89857 4th Drive','House', 32);
insert into Property (idProperty, address, type, idLandlord) values (48, '837 Butterfield Street','Townhouse', 1);
insert into Property (idProperty, address, type, idLandlord) values (49, '5193 Toban Drive','House', 35);
insert into Property (idProperty, address, type, idLandlord) values (50, '0164 Elmside Trail','Townhouse', 27);

insert into Tenant (idTenant, nameTenant, phoneNumber, creditRating, idProperty, room) values (1, 'Ambur Huey', '685-632-4388', 4, 4, 'A');
insert into Tenant (idTenant, nameTenant, phoneNumber, creditRating, idProperty, room) values (2, 'Allyce Snaden', '982-298-4854', 1, 30, 'A');
insert into Tenant (idTenant, nameTenant, phoneNumber, creditRating, idProperty, room) values (3, 'Clem Linley', '486-406-8619', 3, 8, 'B');
insert into Tenant (idTenant, nameTenant, phoneNumber, creditRating, idProperty, room) values (4, 'Millicent Wistance', '858-902-0631', 3, 42, 'A');
insert into Tenant (idTenant, nameTenant, phoneNumber, creditRating, idProperty, room) values (5, 'Federico Andreix', '468-411-0037', 1, 50, 'B');
insert into Tenant (idTenant, nameTenant, phoneNumber, creditRating, idProperty, room) values (6, 'Alick Sudlow', '751-228-4032', 7, 32, 'A');
insert into Tenant (idTenant, nameTenant, phoneNumber, creditRating, idProperty, room) values (7, 'Heinrik Jahnisch', '540-547-3284', 1, 28, 'C');
insert into Tenant (idTenant, nameTenant, phoneNumber, creditRating, idProperty, room) values (8, 'Merrile Hancorn', '805-942-1962', 5, 7, 'B');
insert into Tenant (idTenant, nameTenant, phoneNumber, creditRating, idProperty, room) values (9, 'Aubine Anselmi', '434-474-8181', 9, 40, 'A');
insert into Tenant (idTenant, nameTenant, phoneNumber, creditRating, idProperty, room) values (10, 'Carly Routhorn', '436-211-2111', 7, 14, 'A');
insert into Tenant (idTenant, nameTenant, phoneNumber, creditRating, idProperty, room) values (11, 'Koral Heningam', '797-797-9195', 5, 8, 'C');
insert into Tenant (idTenant, nameTenant, phoneNumber, creditRating, idProperty, room) values (12, 'Hoebart Jahnig', '590-889-8246', 7, 34, 'B');
insert into Tenant (idTenant, nameTenant, phoneNumber, creditRating, idProperty, room) values (13, 'Charity Cuncliffe', '183-458-4542', 4, 34, 'A');
insert into Tenant (idTenant, nameTenant, phoneNumber, creditRating, idProperty, room) values (14, 'Bette-ann Finnis', '664-810-5838', 8, 3, 'C');
insert into Tenant (idTenant, nameTenant, phoneNumber, creditRating, idProperty, room) values (15, 'Ysabel Pheasey', '614-366-6054', 10, 17, 'B');
insert into Tenant (idTenant, nameTenant, phoneNumber, creditRating, idProperty, room) values (16, 'Avrit Britney', '924-271-3280', 7, 38, 'A');
insert into Tenant (idTenant, nameTenant, phoneNumber, creditRating, idProperty, room) values (17, 'Jocko Tyler', '322-298-9369', 7, 49, 'A');
insert into Tenant (idTenant, nameTenant, phoneNumber, creditRating, idProperty, room) values (18, 'Walsh Janaszewski', '903-355-7843', 9, 26, 'B');
insert into Tenant (idTenant, nameTenant, phoneNumber, creditRating, idProperty, room) values (19, 'Godwin Pepperd', '424-400-9015', 7, 28, 'C');
insert into Tenant (idTenant, nameTenant, phoneNumber, creditRating, idProperty, room) values (20, 'Walton Liepina', '747-545-4211', 4, 8, 'A');
insert into Tenant (idTenant, nameTenant, phoneNumber, creditRating, idProperty, room) values (21, 'Danie Gladwish', '731-688-9784', 1, 15, 'C');
insert into Tenant (idTenant, nameTenant, phoneNumber, creditRating, idProperty, room) values (22, 'Zena Bellsham', '177-545-5883', 4, 40, 'A');
insert into Tenant (idTenant, nameTenant, phoneNumber, creditRating, idProperty, room) values (23, 'Lorenza Chamney', '243-397-5856', 5, 11, 'B');
insert into Tenant (idTenant, nameTenant, phoneNumber, creditRating, idProperty, room) values (24, 'Judas Rudolf', '997-348-6877', 1, 12, 'B');
insert into Tenant (idTenant, nameTenant, phoneNumber, creditRating, idProperty, room) values (25, 'Hermione Yvon', '279-285-7974', 5, 34, 'C');
insert into Tenant (idTenant, nameTenant, phoneNumber, creditRating, idProperty, room) values (26, 'Gardy O''Cullen', '612-743-6426', 10, 17, 'C');
insert into Tenant (idTenant, nameTenant, phoneNumber, creditRating, idProperty, room) values (27, 'Dulciana Grigs', '633-499-7389', 1, 33, 'B');
insert into Tenant (idTenant, nameTenant, phoneNumber, creditRating, idProperty, room) values (28, 'Aurelea Igglesden', '842-542-3349', 1, 28, 'A');
insert into Tenant (idTenant, nameTenant, phoneNumber, creditRating, idProperty, room) values (29, 'Saxe Romain', '184-854-7394', 5, 20, 'B');
insert into Tenant (idTenant, nameTenant, phoneNumber, creditRating, idProperty, room) values (30, 'Winston Nerval', '118-329-5881', 9, 50, 'C');
insert into Tenant (idTenant, nameTenant, phoneNumber, creditRating, idProperty, room) values (31, 'Kirk Yakebowitch', '615-207-2336', 7, 37, 'C');
insert into Tenant (idTenant, nameTenant, phoneNumber, creditRating, idProperty, room) values (32, 'Florida Allsworth', '596-585-8075', 2, 37, 'B');
insert into Tenant (idTenant, nameTenant, phoneNumber, creditRating, idProperty, room) values (33, 'Virginia Ege', '869-808-3265', 7, 20, 'B');
insert into Tenant (idTenant, nameTenant, phoneNumber, creditRating, idProperty, room) values (34, 'Pippo Redding', '545-334-9819', 9, 40, 'A');
insert into Tenant (idTenant, nameTenant, phoneNumber, creditRating, idProperty, room) values (35, 'Lissi Greste', '597-940-4657', 2, 45, 'A');
insert into Tenant (idTenant, nameTenant, phoneNumber, creditRating, idProperty, room) values (36, 'Otho Jorin', '182-349-7937', 8, 43, 'C');
insert into Tenant (idTenant, nameTenant, phoneNumber, creditRating, idProperty, room) values (37, 'Xenia Spurge', '294-911-6786', 9, 26, 'B');
insert into Tenant (idTenant, nameTenant, phoneNumber, creditRating, idProperty, room) values (38, 'Emmalyn Boagey', '864-675-6227', 9, 12, 'B');
insert into Tenant (idTenant, nameTenant, phoneNumber, creditRating, idProperty, room) values (39, 'Mellie Matijevic', '291-941-4231', 8, 27, 'A');
insert into Tenant (idTenant, nameTenant, phoneNumber, creditRating, idProperty, room) values (40, 'Ardisj Stops', '761-875-6363', 5, 24, 'C');
insert into Tenant (idTenant, nameTenant, phoneNumber, creditRating, idProperty, room) values (41, 'Debera Shovelbottom', '445-337-3802', 4, 4, 'B');
insert into Tenant (idTenant, nameTenant, phoneNumber, creditRating, idProperty, room) values (42, 'Randy Gulleford', '127-958-1857', 2, 40, 'A');
insert into Tenant (idTenant, nameTenant, phoneNumber, creditRating, idProperty, room) values (43, 'Durward Tregaskis', '887-411-1518', 5, 15, 'B');
insert into Tenant (idTenant, nameTenant, phoneNumber, creditRating, idProperty, room) values (44, 'Gui Casswell', '905-508-8703', 7, 2, 'B');
insert into Tenant (idTenant, nameTenant, phoneNumber, creditRating, idProperty, room) values (45, 'Lucie Louch', '146-973-2797', 10, 13, 'C');
insert into Tenant (idTenant, nameTenant, phoneNumber, creditRating, idProperty, room) values (46, 'Melania Lindsell', '396-220-9580', 3, 7, 'C');
insert into Tenant (idTenant, nameTenant, phoneNumber, creditRating, idProperty, room) values (47, 'Cart Eve', '460-543-6133', 2, 15, 'A');
insert into Tenant (idTenant, nameTenant, phoneNumber, creditRating, idProperty, room) values (48, 'Cornie Stenet', '374-986-7879', 8, 44, 'B');
insert into Tenant (idTenant, nameTenant, phoneNumber, creditRating, idProperty, room) values (49, 'Gabie Bang', '332-376-0857', 4, 1, 'C');
insert into Tenant (idTenant, nameTenant, phoneNumber, creditRating, idProperty, room) values (50, 'Delano Arnoult', '786-707-3454', 7, 30, 'A');

insert into Payment (idPayment, paymentDate, amount, idTenant) values (1, '2019-06-01', 1221.65, 44);
insert into Payment (idPayment, paymentDate, amount, idTenant) values (2, '2019-02-01', 1584.88, 15);
insert into Payment (idPayment, paymentDate, amount, idTenant) values (3, '2019-03-08', 1977.44, 43);
insert into Payment (idPayment, paymentDate, amount, idTenant) values (4, '2020-03-23', 1391.6, 23);
insert into Payment (idPayment, paymentDate, amount, idTenant) values (5, '2020-06-05', 1044.6, 24);
insert into Payment (idPayment, paymentDate, amount, idTenant) values (6, '2019-05-08', 1174.74, 41);
insert into Payment (idPayment, paymentDate, amount, idTenant) values (7, '2020-01-27', 1310.03, 15);
insert into Payment (idPayment, paymentDate, amount, idTenant) values (8, '2020-07-20', 1993.89, 17);
insert into Payment (idPayment, paymentDate, amount, idTenant) values (9, '2019-02-02', 1689.51, 39);
insert into Payment (idPayment, paymentDate, amount, idTenant) values (10, '2020-08-18', 1887.37, 20);
insert into Payment (idPayment, paymentDate, amount, idTenant) values (11, '2019-07-09', 1903.92, 19);
insert into Payment (idPayment, paymentDate, amount, idTenant) values (12, '2020-08-13', 1947.26, 28);
insert into Payment (idPayment, paymentDate, amount, idTenant) values (13, '2020-05-08', 1435.07, 4);
insert into Payment (idPayment, paymentDate, amount, idTenant) values (14, '2020-08-10', 1009.32, 46);
insert into Payment (idPayment, paymentDate, amount, idTenant) values (15, '2019-08-22', 1943.24, 49);
insert into Payment (idPayment, paymentDate, amount, idTenant) values (16, '2020-02-15', 1584.12, 47);
insert into Payment (idPayment, paymentDate, amount, idTenant) values (17, '2019-02-07', 1454.26, 33);
insert into Payment (idPayment, paymentDate, amount, idTenant) values (18, '2020-03-05', 1950.41, 29);
insert into Payment (idPayment, paymentDate, amount, idTenant) values (19, '2020-08-12', 1546.09, 20);
insert into Payment (idPayment, paymentDate, amount, idTenant) values (20, '2020-05-12', 1353.39, 48);
insert into Payment (idPayment, paymentDate, amount, idTenant) values (21, '2019-01-31', 1157.71, 25);
insert into Payment (idPayment, paymentDate, amount, idTenant) values (22, '2019-05-02', 1466.96, 49);
insert into Payment (idPayment, paymentDate, amount, idTenant) values (23, '2019-05-04', 1541.52, 15);
insert into Payment (idPayment, paymentDate, amount, idTenant) values (24, '2020-08-08', 1567.79, 11);
insert into Payment (idPayment, paymentDate, amount, idTenant) values (25, '2020-09-25', 1605.69, 50);
insert into Payment (idPayment, paymentDate, amount, idTenant) values (26, '2020-02-05', 1612.8, 15);
insert into Payment (idPayment, paymentDate, amount, idTenant) values (27, '2019-02-14', 1270.29, 23);
insert into Payment (idPayment, paymentDate, amount, idTenant) values (28, '2020-06-18', 1673.37, 23);
insert into Payment (idPayment, paymentDate, amount, idTenant) values (29, '2019-09-21', 1118.51, 35);
insert into Payment (idPayment, paymentDate, amount, idTenant) values (30, '2019-04-19', 1875.35, 18);
insert into Payment (idPayment, paymentDate, amount, idTenant) values (31, '2019-09-11', 1634.12, 18);
insert into Payment (idPayment, paymentDate, amount, idTenant) values (32, '2019-09-22', 1628.92, 49);
insert into Payment (idPayment, paymentDate, amount, idTenant) values (33, '2020-01-01', 1036.71, 21);
insert into Payment (idPayment, paymentDate, amount, idTenant) values (34, '2020-01-12', 1276.54, 8);
insert into Payment (idPayment, paymentDate, amount, idTenant) values (35, '2019-06-18', 1469.0, 40);
insert into Payment (idPayment, paymentDate, amount, idTenant) values (36, '2020-01-21', 1477.77, 5);
insert into Payment (idPayment, paymentDate, amount, idTenant) values (37, '2020-07-02', 1616.67, 5);
insert into Payment (idPayment, paymentDate, amount, idTenant) values (38, '2019-05-02', 1996.44, 46);
insert into Payment (idPayment, paymentDate, amount, idTenant) values (39, '2020-04-13', 1356.08, 33);
insert into Payment (idPayment, paymentDate, amount, idTenant) values (40, '2019-11-07', 1502.68, 17);
insert into Payment (idPayment, paymentDate, amount, idTenant) values (41, '2019-08-29', 1698.1, 31);
insert into Payment (idPayment, paymentDate, amount, idTenant) values (42, '2019-05-27', 1887.72, 18);
insert into Payment (idPayment, paymentDate, amount, idTenant) values (43, '2020-03-24', 1618.41, 13);
insert into Payment (idPayment, paymentDate, amount, idTenant) values (44, '2019-12-01', 1844.09, 48);
insert into Payment (idPayment, paymentDate, amount, idTenant) values (45, '2020-10-03', 1932.65, 27);
insert into Payment (idPayment, paymentDate, amount, idTenant) values (46, '2019-01-07', 1993.44, 31);
insert into Payment (idPayment, paymentDate, amount, idTenant) values (47, '2019-07-17', 1009.2, 22);
insert into Payment (idPayment, paymentDate, amount, idTenant) values (48, '2020-09-05', 1871.2, 15);
insert into Payment (idPayment, paymentDate, amount, idTenant) values (49, '2019-06-30', 1535.78, 25);
insert into Payment (idPayment, paymentDate, amount, idTenant) values (50, '2019-07-02', 1229.64, 10);